pk_target,prediction,prediction_proba
0,0,0.0
0,0,0.0
0,0,0.002925942753293942
0,0,0.0
0,0,0.0039999999999998925
0,0,0.0
0,0,0.0
0,0,0.0
0,0,0.0
0,0,0.0
0,0,0.0
0,0,0.0
0,0,0.0
0,0,0.03941685765215164
0,0,0.0026974267968057353
0,0,0.0
0,0,0.0
0,0,0.04800907029478485
0,0,0.0
0,0,0.0
0,0,0.006258050444999497
0,0,0.0
0,0,0.004761904761904856
0,0,0.018430839002267718
0,0,0.0018045112781955863
0,0,0.0
0,0,0.0
0,0,0.0
0,0,0.0
0,0,0.00108843537414971
0,0,0.009659863945578273
0,0,0.005714285714285672
0,0,0.0002484472049689712
0,0,0.0019047619047619646
0,0,0.0
0,0,0.0020356234096692294
0,0,0.0
0,0,0.0
0,0,0.0
0,0,0.0
0,0,0.0
0,0,0.0
0,0,0.0
0,0,0.0
0,0,0.0
0,0,0.0032653061224489077
0,0,0.05455699855699847
0,0,0.0
0,0,0.02222489184365728
0,0,0.01073593073593071
0,0,0.0031746031746030523
0,0,0.0
0,0,0.0
0,0,0.0
0,0,0.0
0,0,0.0
0,0,0.0
0,0,0.0
0,0,0.0
0,1,0.9697122287303962
0,0,0.0
0,0,0.0
0,0,0.0
0,0,0.0
0,0,0.0
0,0,0.0
0,0,0.008888888888888835
0,0,0.0
0,0,0.0
0,0,0.0002484472049689712
0,0,0.0
0,0,0.005714285714285672
0,0,0.0
0,0,0.0
0,0,0.3689795918367348
0,0,0.029205906752944988
0,0,0.0
0,0,0.0
0,0,0.04722670312143995
0,0,0.0018045112781955863
0,0,0.0
0,0,0.0
0,0,0.004428571428571448
0,0,0.0032653061224489077
0,0,0.00108843537414971
0,0,0.0028571428571428914
0,0,0.0
0,0,0.0
0,0,0.004843537414966015
0,0,0.0
0,0,0.0
0,0,0.0
0,0,0.03367032967032968
0,0,0.0028571428571428914
0,0,0.0
0,0,0.0
0,0,0.0002484472049689712
0,0,0.0
0,0,0.0
0,0,0.0347142857142857
0,0,0.0961693861693862
0,0,0.004676514507892637
0,0,0.0
0,0,0.005714285714285672
0,0,0.0
0,0,0.0
0,0,0.001677018633540306
0,0,0.006204081632653069
0,0,0.04571428571428571
0,0,0.0
0,0,0.0
0,0,0.007238095238095155
0,0,0.0
0,0,0.013795093795093694
0,0,0.0
0,0,0.0
0,0,0.059246134817563245
0,0,0.037098124098123963
0,0,0.0
0,0,0.0
0,0,0.005079365079365017
0,0,0.0
0,0,0.0
0,0,0.020952380952381056
0,0,0.0
0,0,0.0
0,0,0.0
0,0,0.0008346709470304914
0,0,0.0
0,0,0.0
0,0,0.0
0,0,0.02615873015873016
0,0,0.017306122448979444
0,0,0.0
0,0,0.0
0,0,0.0
0,0,0.0
0,0,0.008163265306122325
0,0,0.0018045112781955863
0,0,0.011428571428571455
0,0,0.0
0,0,0.005714285714285672
0,0,0.0
0,0,0.0
0,0,0.0
0,0,0.0
0,0,0.0
0,0,0.0
0,0,0.006000000000000116
0,0,0.0011428571428571122
0,0,0.0
0,0,0.0
0,0,0.0035714285714285587
0,0,0.0
0,0,0.0
0,0,0.11587902573616848
0,0,0.01764790764790758
0,0,0.0
0,0,0.0
0,0,0.08541289263472862
0,0,0.00029055690072643525
0,0,0.005079365079365017
0,0,0.0
0,0,0.003163408093422637
0,0,0.0008346709470304914
0,0,0.0
0,0,0.0
0,0,0.004285714285714337
0,1,0.8668767828522406
0,0,0.0
0,0,0.0
0,0,0.0
0,0,0.011428571428571455
0,0,0.0
0,0,0.050793650793650724
0,0,0.004155844155844135
0,0,0.0
0,0,0.0
0,0,0.0
0,0,0.0
0,0,0.004081632653061273
0,0,0.0
0,0,0.1001222876502379
0,0,0.0037006802721087917
0,0,0.0
0,0,0.0
0,0,0.0
0,0,0.00493086150490718
0,0,0.0050000000000000044
0,0,0.005378151260504227
0,0,0.0
0,0,0.0
0,0,0.1122448979591838
0,0,0.0034285714285714475
0,0,0.004285714285714337
0,0,0.011235468350019429
0,0,0.0
0,0,0.0
0,0,0.029505668934240448
0,0,0.0
0,0,0.008888888888888835
0,0,0.0
0,0,0.005857142857142894
0,0,0.0
0,0,0.005714285714285672
0,0,0.013472880061115466
0,0,0.037976087404658965
0,0,0.0
0,0,0.0
0,0,0.005714285714285672
0,0,0.023717171717171692
0,0,0.0
0,0,0.021714285714285797
0,0,0.0
0,0,0.0
0,0,0.0
0,0,0.0
0,0,0.0
0,0,0.007922077922077886
0,0,0.0
0,0,0.014489795918367188
0,0,0.004248447204968864
0,0,0.0
0,0,0.0
0,0,0.005714285714285672
0,0,0.0
0,0,0.0002484472049689712
0,0,0.039691403834261174
0,0,0.011428571428571455
0,0,0.0
0,0,0.0
0,0,0.0
0,0,0.0
0,0,0.020357206588395238
0,0,0.008392690409496972
0,0,0.0
0,0,0.00108843537414971
0,0,0.0
0,0,0.0
0,0,0.0
0,0,0.0
0,0,0.02808080808080804
0,0,0.0
0,0,0.003361344537815114
0,0,0.00467532467532461
0,0,0.0002484472049689712
0,0,0.0
0,0,0.0
0,0,0.0
0,0,0.0
0,0,0.0
0,0,0.0
0,0,0.11530303030303024
0,0,0.0
0,0,0.0
0,0,0.3689795918367348
0,0,0.0
0,0,0.0
0,0,0.002077922077922123
0,0,0.0
0,0,0.0
0,0,0.0
0,0,0.20162677565198595
0,0,0.0
0,0,0.0
0,0,0.0
0,0,0.0009655324519378672
0,0,0.0
0,0,0.0
0,0,0.043788988788988625
0,0,0.10289342403628132
0,0,0.0
0,0,0.1093923853923855
0,0,0.0008465608465608732
0,0,0.0
0,0,0.0
0,0,0.005079365079365017
0,0,0.0
0,0,0.0
0,0,0.0
0,0,0.0
0,0,0.0
0,0,0.0007619047619047414
0,0,0.0
0,0,0.0
0,0,0.0
0,0,0.0
0,0,0.06334199134199137
0,0,0.0
0,0,0.0
0,0,0.011235468350019429
0,0,0.0
0,0,0.0
0,0,0.0035714285714285587
0,0,0.0022857142857143353
0,0,0.0
0,0,0.0
0,0,0.03598185941043064
0,0,0.0
0,0,0.0
0,0,0.0
0,0,0.0007619047619047414
0,0,0.0
0,0,0.005714285714285672
0,0,0.0
0,0,0.09998022851216903
0,0,0.0
0,0,0.005962732919254643
0,0,0.042366522366522275
0,0,0.010147186147186127
0,0,0.0
0,0,0.0
0,0,0.0
0,0,0.0
0,0,0.0013789922748760342
0,0,0.05350599503453457
0,0,0.0
0,0,0.0
0,0,0.0
0,0,0.0002484472049689712
0,0,0.0
0,0,0.0
0,0,0.05421521335807056
0,0,0.0
0,0,0.0
0,0,0.0018115337738148218
0,0,0.002273718647764489
0,0,0.030095238095238064
0,0,0.0
0,0,0.0
0,0,0.0
0,0,0.0
0,1,0.8590023768015442
0,0,0.005714285714285672
0,0,0.0
0,0,0.0
0,0,0.0
0,0,0.0
0,0,0.0015584415584414257
0,0,0.0
0,0,0.0013789922748760342
0,0,0.005714285714285672
0,0,0.0
0,0,0.014105064247921462
0,0,0.0
0,0,0.0
0,1,0.6493253601102559
0,0,0.0
0,0,0.0
0,0,0.0
0,0,0.0
0,0,0.011428571428571455
0,0,0.0
0,0,0.12728377387024026
0,0,0.006760037348272574
0,0,0.0
0,0,0.0
0,0,0.0
0,0,0.0
0,0,0.00029055690072643525
0,0,0.0
0,0,0.0017274372138424976
0,0,0.0
0,0,0.0
0,0,0.0060606060606061
0,0,0.0
0,0,0.17308080808080795
0,0,0.0
0,0,0.0
0,0,0.004081632653061273
0,0,0.25693568336425476
0,0,0.0
0,0,0.0
0,0,0.0
0,0,0.0
0,0,0.0
0,0,0.0
0,0,0.0
0,0,0.0
0,0,0.0
0,0,0.0
0,0,0.0
0,0,0.0
0,0,0.0
0,0,0.0
0,0,0.0
0,0,0.008943242341751034
0,0,0.0
0,0,0.010108389594794986
0,0,0.0
0,0,0.0
0,0,0.02568418882704593
0,0,0.044637394351680126
0,0,0.0
0,0,0.015206698063840784
0,0,0.0
0,0,0.0
0,0,0.0
0,0,0.0
0,0,0.0
0,0,0.0
0,0,0.0
0,0,0.0
0,0,0.00439560439560438
0,0,0.0
0,0,0.0
0,0,0.0
0,0,0.0
0,0,0.006954587486527997
0,0,0.05995918367346953
0,0,0.023538461538461508
0,0,0.005238095238095153
0,0,0.0
0,0,0.004571428571428671
0,0,0.0
0,0,0.018158730158730263
0,0,0.010109890109890163
0,0,0.009962732919254536
0,0,0.0
0,0,0.1814487314739418
0,0,0.40881063172416543
0,0,0.0
0,0,0.0015584415584414257
0,0,0.005714285714285672
0,0,0.0
0,0,0.0
0,0,0.0
0,0,0.033648874934589235
0,0,0.0
0,0,0.029156462585033904
0,0,0.0
0,0,0.04051165964915704
0,0,0.0
0,0,0.0
0,0,0.0
0,0,0.0
0,0,0.01777821176317418
0,0,0.00108843537414971
0,0,0.0
0,0,0.0
0,0,0.014105064247921462
0,0,0.0
0,0,0.0
0,0,0.0
0,0,0.0083809523809526
0,1,0.9904945250827604
0,0,0.0
0,0,0.0
0,0,0.0
0,0,0.0
0,0,0.0
0,0,0.003948646683494927
0,0,0.0
0,0,0.0
0,0,0.010370370370370474
0,0,0.0
0,0,0.004571428571428671
0,0,0.0032653061224489077
0,0,0.0
0,0,0.0
0,0,0.0
0,0,0.013142857142857234
0,0,0.0
0,0,0.0
0,0,0.0
0,0,0.0
0,0,0.0
0,0,0.26202143887858154
0,0,0.0
0,0,0.0
0,0,0.0
0,0,0.0001308615049073758
0,0,0.0
0,0,0.0
0,0,0.006029476141835799
0,0,0.0002484472049689712
0,0,0.00914285714285723
0,0,0.0
0,0,0.005714285714285672
0,0,0.0
0,0,0.0
0,0,0.0
0,0,0.0
0,0,0.0
0,1,0.5354703521217951
0,0,0.0
0,0,0.0002484472049689712
0,0,0.010591125610549534
0,0,0.21896516182230474
0,0,0.0
0,0,0.017110719859073864
0,0,0.0
0,0,0.00952380952380949
0,0,0.0
0,0,0.0
0,0,0.03029265297350403
0,0,0.0
0,0,0.0
0,0,0.0002484472049689712
0,0,0.01355102040816325
0,0,0.0
0,0,0.018664399651348584
0,0,0.06150113378684785
0,0,0.0
0,0,0.0
0,0,0.006075187969924789
0,0,0.005714285714285672
0,0,0.0007323652643058676
0,0,0.01745334031048318
0,0,0.0
0,0,0.0
0,0,0.0
0,0,0.0032653061224489077
0,0,0.0
0,0,0.0
0,0,0.0
0,0,0.0
0,0,0.0034285714285714475
0,0,0.0
0,0,0.0
0,0,0.0
0,0,0.010095238095238046
0,0,0.0
0,0,0.04736798361420991
0,0,0.00029055690072643525
0,0,0.0
0,0,0.0
0,0,0.03428571428571425
1,1,1.0
1,1,0.9965836318310273
1,1,0.9994709444619152
1,1,0.9991982820329278
1,1,0.9998976982097186
1,0,0.22182327196612905
1,1,0.99854691953969
1,1,0.9995188939752382
1,1,0.9976045579165228
1,1,0.9941542874266878
1,1,0.9972935755098843
1,1,0.9956802413582208
1,1,0.9998771735812744
1,1,0.9994377472761456
1,1,0.9965076733710446
1,1,0.9993125352397114
1,1,0.9984717315697652
1,1,0.9969303959171821
1,1,0.9964371553240353
1,1,0.9946025590175105
1,1,0.994183412495433
1,1,0.9858827982588236
1,1,0.9997138547726783
1,1,0.9958414792835935
1,1,0.987381317744489
1,1,0.9992044152464991
1,1,0.9998976982097186
1,1,0.9997759103641457
1,1,0.9948074732285258
1,1,1.0
1,1,0.998209728417051
1,1,0.999925788497217
1,1,0.904335674547705
1,1,0.999925788497217
1,1,0.995969016940745
1,1,0.9981918637735995
1,1,0.9902317935110018
1,1,0.9948571428571428
1,1,1.0
1,1,0.8966185639757067
1,1,0.9916027116587384
1,1,0.9758663321298241
1,1,0.9925559650433601
1,1,0.9985
1,1,0.995610417982526
1,1,0.9838767264481548
1,1,0.99285576727991
1,1,0.9986014850227068
1,1,0.9965417863932823
1,1,0.9905260770975058
1,1,0.9895350259020188
1,1,0.9992183914452272
1,1,0.9964724981597471
1,1,0.9987659574468086
1,1,0.9836720484303025
1,1,0.9992309910670143
1,1,0.9997714285714286
1,1,0.9954429599150791
1,1,1.0
1,1,1.0
1,1,0.999301948051948
1,1,0.9994802987022359
1,1,0.9992846591224892
1,1,0.9911152903585401
1,1,0.9886793293793734
1,1,1.0
1,1,0.9999129804205946
1,1,0.9995061992681257
1,1,0.9657670026291651
1,1,0.9986641929499073
1,1,0.9901858368295119
1,1,0.9994845522864351
