database,schema,table_name,column_name,number_unique_values,count,null_count,null_ratio,is_unique,ordinal_position,unique_ratio,is_non_null,is_first_column,relative_ordinal_position,is_first_unique_column,table_column_count,table_unique_column_count,table_row_count,other_unique_columns_in_table,table_has_unique_column,table_has_no_single_pk_candidate,table_near_unique_column_count,table_id_named_column_count,table_non_null_column_count,table_max_unique_ratio,unique_ratio_rank,null_ratio_rank,is_least_null_in_table,unique_ratio_relative_to_max,other_near_unique_columns_in_table,name_ends_with_id,name_contains_key,name_contains_table_name,name_is_singular_table_id,name_length,is_unique_non_null,is_composite_key_part,table_ratio_of_pk_candidates,table_avg_unique_ratio,table_avg_null_ratio,is_this_col_violating_1nf,table_has_composite_pk,target_normal_form,column_type_date,column_type_double,column_type_integer,column_type_varchar,column_type_boolean,column_type_char,column_type_decimal,column_type_timestamp,table_integer_column_count,is_this_col_partial_dependency,table_ratio_composite_key_cols,table_ratio_1nf_violations,table_std_unique_ratio,table_has_partial_dependency
new_predict_demo_data_task_3,new_predict_demo_data_task_3,orders_0nf,order_id,5,5,0,0.0,1,1,1.0,1,1,0.14285714285714285,1,7,6,5,5,1,0,6,1,7,1.0,1,1,1,1.0,5,1,0,0,0,8,1,0,0.8571,0.9714,0.0,0,0,1,False,0,True,0,0,0,0,0,1,0,0.0,0.4286,0.0756,0
new_predict_demo_data_task_3,new_predict_demo_data_task_3,orders_0nf,customer,5,5,0,0.0,1,2,1.0,1,0,0.2857142857142857,0,7,6,5,5,1,0,6,1,7,1.0,2,2,0,1.0,5,0,0,0,0,8,1,0,0.8571,0.9714,0.0,0,0,1,False,0,False,1,0,0,0,0,1,0,0.0,0.4286,0.0756,0
new_predict_demo_data_task_3,new_predict_demo_data_task_3,orders_0nf,city,4,5,0,0.0,0,3,0.8,1,0,0.42857142857142855,0,7,6,5,6,1,0,6,1,7,1.0,7,3,0,0.8,6,0,0,0,0,4,0,0,0.8571,0.9714,0.0,0,0,1,False,0,False,1,0,0,0,0,1,0,0.0,0.4286,0.0756,0
new_predict_demo_data_task_3,new_predict_demo_data_task_3,orders_0nf,items,5,5,0,0.0,1,4,1.0,1,0,0.5714285714285714,0,7,6,5,5,1,0,6,1,7,1.0,3,4,0,1.0,5,0,0,0,0,5,1,0,0.8571,0.9714,0.0,1,0,1,False,0,False,1,0,0,0,0,1,0,0.0,0.4286,0.0756,0
new_predict_demo_data_task_3,new_predict_demo_data_task_3,orders_0nf,quantities,5,5,0,0.0,1,5,1.0,1,0,0.7142857142857143,0,7,6,5,5,1,0,6,1,7,1.0,4,5,0,1.0,5,0,0,0,0,10,1,0,0.8571,0.9714,0.0,1,0,1,False,0,False,1,0,0,0,0,1,0,0.0,0.4286,0.0756,0
new_predict_demo_data_task_3,new_predict_demo_data_task_3,orders_0nf,unit_prices,5,5,0,0.0,1,6,1.0,1,0,0.8571428571428571,0,7,6,5,5,1,0,6,1,7,1.0,5,6,0,1.0,5,0,0,0,0,11,1,0,0.8571,0.9714,0.0,1,0,1,False,0,False,1,0,0,0,0,1,0,0.0,0.4286,0.0756,0
new_predict_demo_data_task_3,new_predict_demo_data_task_3,orders_0nf,order_date,5,5,0,0.0,1,7,1.0,1,0,1.0,0,7,6,5,5,1,0,6,1,7,1.0,6,7,0,1.0,5,0,0,0,0,10,1,0,0.8571,0.9714,0.0,0,0,1,True,0,False,0,0,0,0,0,1,0,0.0,0.4286,0.0756,0
new_predict_demo_data_task_3,new_predict_demo_data_task_3,orders_1nf,order_id,4,5,0,0.0,0,1,0.8,1,1,0.125,0,8,0,5,0,0,1,0,2,8,0.8,1,1,1,1.0,0,1,0,0,0,8,0,1,0.0,0.75,0.0,0,1,1,False,0,True,0,0,0,0,0,3,0,0.25,0.0,0.1414,1
new_predict_demo_data_task_3,new_predict_demo_data_task_3,orders_1nf,product_id,4,5,0,0.0,0,2,0.8,1,0,0.25,0,8,0,5,0,0,1,0,2,8,0.8,2,2,0,1.0,0,1,0,0,0,10,0,1,0.0,0.75,0.0,0,1,1,False,0,True,0,0,0,0,0,3,0,0.25,0.0,0.1414,1
new_predict_demo_data_task_3,new_predict_demo_data_task_3,orders_1nf,customer_name,4,5,0,0.0,0,3,0.8,1,0,0.375,0,8,0,5,0,0,1,0,2,8,0.8,3,3,0,1.0,0,0,0,0,0,13,0,0,0.0,0.75,0.0,0,1,1,False,0,False,1,0,0,0,0,3,1,0.25,0.0,0.1414,1
new_predict_demo_data_task_3,new_predict_demo_data_task_3,orders_1nf,customer_city,4,5,0,0.0,0,4,0.8,1,0,0.5,0,8,0,5,0,0,1,0,2,8,0.8,4,4,0,1.0,0,0,0,0,0,13,0,0,0.0,0.75,0.0,0,1,1,False,0,False,1,0,0,0,0,3,1,0.25,0.0,0.1414,1
new_predict_demo_data_task_3,new_predict_demo_data_task_3,orders_1nf,product_name,4,5,0,0.0,0,5,0.8,1,0,0.625,0,8,0,5,0,0,1,0,2,8,0.8,5,5,0,1.0,0,0,0,0,0,12,0,0,0.0,0.75,0.0,0,1,1,False,0,False,1,0,0,0,0,3,1,0.25,0.0,0.1414,1
new_predict_demo_data_task_3,new_predict_demo_data_task_3,orders_1nf,quantity,2,5,0,0.0,0,6,0.4,1,0,0.75,0,8,0,5,0,0,1,0,2,8,0.8,8,6,0,0.5,0,0,0,0,0,8,0,0,0.0,0.75,0.0,0,1,1,False,0,True,0,0,0,0,0,3,0,0.25,0.0,0.1414,1
new_predict_demo_data_task_3,new_predict_demo_data_task_3,orders_1nf,unit_price,4,5,0,0.0,0,7,0.8,1,0,0.875,0,8,0,5,0,0,1,0,2,8,0.8,6,7,0,1.0,0,0,0,0,0,10,0,0,0.0,0.75,0.0,0,1,1,False,1,False,0,0,0,0,0,3,1,0.25,0.0,0.1414,1
new_predict_demo_data_task_3,new_predict_demo_data_task_3,orders_1nf,order_date,4,5,0,0.0,0,8,0.8,1,0,1.0,0,8,0,5,0,0,1,0,2,8,0.8,7,8,0,1.0,0,0,0,0,0,10,0,0,0.0,0.75,0.0,0,1,1,True,0,False,0,0,0,0,0,3,1,0.25,0.0,0.1414,1
new_predict_demo_data_task_3,new_predict_demo_data_task_3,orders_2nf,order_id,5,5,0,0.0,1,1,1.0,1,1,0.1111111111111111,1,9,2,5,1,1,0,2,3,9,1.0,1,1,1,1.0,1,1,0,0,0,8,1,0,0.2222,0.8,0.0,0,0,1,False,0,True,0,0,0,0,0,4,0,0.0,0.0,0.1732,0
new_predict_demo_data_task_3,new_predict_demo_data_task_3,orders_2nf,customer_id,4,5,0,0.0,0,2,0.8,1,0,0.2222222222222222,0,9,2,5,2,1,0,2,3,9,1.0,3,2,0,0.8,2,1,0,0,0,11,0,0,0.2222,0.8,0.0,0,0,1,False,0,True,0,0,0,0,0,4,0,0.0,0.0,0.1732,0
new_predict_demo_data_task_3,new_predict_demo_data_task_3,orders_2nf,customer_name,4,5,0,0.0,0,3,0.8,1,0,0.3333333333333333,0,9,2,5,2,1,0,2,3,9,1.0,4,3,0,0.8,2,0,0,0,0,13,0,0,0.2222,0.8,0.0,0,0,1,False,0,False,1,0,0,0,0,4,0,0.0,0.0,0.1732,0
new_predict_demo_data_task_3,new_predict_demo_data_task_3,orders_2nf,customer_city,4,5,0,0.0,0,4,0.8,1,0,0.4444444444444444,0,9,2,5,2,1,0,2,3,9,1.0,5,4,0,0.8,2,0,0,0,0,13,0,0,0.2222,0.8,0.0,0,0,1,False,0,False,1,0,0,0,0,4,0,0.0,0.0,0.1732,0
new_predict_demo_data_task_3,new_predict_demo_data_task_3,orders_2nf,product_id,4,5,0,0.0,0,5,0.8,1,0,0.5555555555555556,0,9,2,5,2,1,0,2,3,9,1.0,6,5,0,0.8,2,1,0,0,0,10,0,0,0.2222,0.8,0.0,0,0,1,False,0,True,0,0,0,0,0,4,0,0.0,0.0,0.1732,0
new_predict_demo_data_task_3,new_predict_demo_data_task_3,orders_2nf,product_name,4,5,0,0.0,0,6,0.8,1,0,0.6666666666666666,0,9,2,5,2,1,0,2,3,9,1.0,7,6,0,0.8,2,0,0,0,0,12,0,0,0.2222,0.8,0.0,0,0,1,False,0,False,1,0,0,0,0,4,0,0.0,0.0,0.1732,0
new_predict_demo_data_task_3,new_predict_demo_data_task_3,orders_2nf,quantity,2,5,0,0.0,0,7,0.4,1,0,0.7777777777777778,0,9,2,5,2,1,0,2,3,9,1.0,9,7,0,0.4,2,0,0,0,0,8,0,0,0.2222,0.8,0.0,0,0,1,False,0,True,0,0,0,0,0,4,0,0.0,0.0,0.1732,0
new_predict_demo_data_task_3,new_predict_demo_data_task_3,orders_2nf,unit_price,4,5,0,0.0,0,8,0.8,1,0,0.8888888888888888,0,9,2,5,2,1,0,2,3,9,1.0,8,8,0,0.8,2,0,0,0,0,10,0,0,0.2222,0.8,0.0,0,0,1,False,1,False,0,0,0,0,0,4,0,0.0,0.0,0.1732,0
new_predict_demo_data_task_3,new_predict_demo_data_task_3,orders_2nf,order_date,5,5,0,0.0,1,9,1.0,1,0,1.0,0,9,2,5,1,1,0,2,3,9,1.0,2,9,0,1.0,1,0,0,0,0,10,1,0,0.2222,0.8,0.0,0,0,1,True,0,False,0,0,0,0,0,4,0,0.0,0.0,0.1732,0
new_predict_demo_data_task_3,new_predict_demo_data_task_3,orders_3nf,order_id,5,5,0,0.0,1,1,1.0,1,1,0.16666666666666666,1,6,2,5,1,1,0,2,3,6,1.0,1,1,1,1.0,1,1,0,0,0,8,1,0,0.3333,0.8,0.0,0,0,1,False,0,True,0,0,0,0,0,4,0,0.0,0.0,0.2191,0
new_predict_demo_data_task_3,new_predict_demo_data_task_3,orders_3nf,customer_id,4,5,0,0.0,0,2,0.8,1,0,0.3333333333333333,0,6,2,5,2,1,0,2,3,6,1.0,3,2,0,0.8,2,1,0,0,0,11,0,0,0.3333,0.8,0.0,0,0,1,False,0,True,0,0,0,0,0,4,0,0.0,0.0,0.2191,0
new_predict_demo_data_task_3,new_predict_demo_data_task_3,orders_3nf,product_id,4,5,0,0.0,0,3,0.8,1,0,0.5,0,6,2,5,2,1,0,2,3,6,1.0,4,3,0,0.8,2,1,0,0,0,10,0,0,0.3333,0.8,0.0,0,0,1,False,0,True,0,0,0,0,0,4,0,0.0,0.0,0.2191,0
new_predict_demo_data_task_3,new_predict_demo_data_task_3,orders_3nf,quantity,2,5,0,0.0,0,4,0.4,1,0,0.6666666666666666,0,6,2,5,2,1,0,2,3,6,1.0,6,4,0,0.4,2,0,0,0,0,8,0,0,0.3333,0.8,0.0,0,0,1,False,0,True,0,0,0,0,0,4,0,0.0,0.0,0.2191,0
new_predict_demo_data_task_3,new_predict_demo_data_task_3,orders_3nf,unit_price,4,5,0,0.0,0,5,0.8,1,0,0.8333333333333334,0,6,2,5,2,1,0,2,3,6,1.0,5,5,0,0.8,2,0,0,0,0,10,0,0,0.3333,0.8,0.0,0,0,1,False,1,False,0,0,0,0,0,4,0,0.0,0.0,0.2191,0
new_predict_demo_data_task_3,new_predict_demo_data_task_3,orders_3nf,order_date,5,5,0,0.0,1,6,1.0,1,0,1.0,0,6,2,5,1,1,0,2,3,6,1.0,2,6,0,1.0,1,0,0,0,0,10,1,0,0.3333,0.8,0.0,0,0,1,True,0,False,0,0,0,0,0,4,0,0.0,0.0,0.2191,0
